<?xml version="1.0" encoding="UTF-8"?>

<!-- 

Configure Hazelcast for clustering GeoServer's catalog and web sessions 

For more information, see: http://www.hazelcast.com/docs/2.3/manual/multi_html/ch12.html

-->

<hazelcast xsi:schemaLocation="http://www.hazelcast.com/schema/config hazelcast-config-2.3.xsd"
           xmlns="http://www.hazelcast.com/schema/config"
           xmlns:xsi="http://www.w3.org/2001/XMLSchema-instance">
  <group>
    <name>gscluster</name>
    <password>geoserver</password>
  </group>
  
  <!-- Make sure to change this in web.xml as well -->
  <instanceName>gscluster</instanceName>

  <network>
    <port auto-increment="true">5701</port>
    <join>
      <multicast enabled="true">
        <multicast-group>224.2.2.3</multicast-group>
        <multicast-port>54327</multicast-port>
      </multicast>
    </join>
  </network>

</hazelcast>