<featureType>
  <id>FeatureTypeInfoImpl--3a33e7d0:1400d3d823c:-7fe0</id>
  <name>countries</name>
  <nativeName>countries</nativeName>
  <namespace>
    <id>NamespaceInfoImpl--3a33e7d0:1400d3d823c:-7fe5</id>
  </namespace>
  <title>Countries of the World</title>
  <abstract>The 247 countries in the world. Data courtesy of NaturalEarth.</abstract>
  <keywords>
    <string>ne_50m_admin_0_countries</string>
    <string>countries</string>
    <string>features</string>
  </keywords>
  <nativeCRS>GEOGCS[&quot;GCS_WGS_1984&quot;, &#xd;
  DATUM[&quot;D_WGS_1984&quot;, &#xd;
    SPHEROID[&quot;WGS_1984&quot;, 6378137.0, 298.257223563]], &#xd;
  PRIMEM[&quot;Greenwich&quot;, 0.0], &#xd;
  UNIT[&quot;degree&quot;, 0.017453292519943295], &#xd;
  AXIS[&quot;Longitude&quot;, EAST], &#xd;
  AXIS[&quot;Latitude&quot;, NORTH]]</nativeCRS>
  <srs>EPSG:4326</srs>
  <nativeBoundingBox>
    <minx>-180.0</minx>
    <maxx>180.00000000000003</maxx>
    <miny>-89.99892578124998</miny>
    <maxy>83.59960937500006</maxy>
    <crs>GEOGCS[&quot;GCS_WGS_1984&quot;, &#xd;
  DATUM[&quot;D_WGS_1984&quot;, &#xd;
    SPHEROID[&quot;WGS_1984&quot;, 6378137.0, 298.257223563]], &#xd;
  PRIMEM[&quot;Greenwich&quot;, 0.0], &#xd;
  UNIT[&quot;degree&quot;, 0.017453292519943295], &#xd;
  AXIS[&quot;Longitude&quot;, EAST], &#xd;
  AXIS[&quot;Latitude&quot;, NORTH]]</crs>
  </nativeBoundingBox>
  <latLonBoundingBox>
    <minx>-180.0</minx>
    <maxx>180.00000000000003</maxx>
    <miny>-89.99892578124998</miny>
    <maxy>83.59960937500006</maxy>
    <crs>GEOGCS[&quot;WGS84(DD)&quot;, &#xd;
  DATUM[&quot;WGS84&quot;, &#xd;
    SPHEROID[&quot;WGS84&quot;, 6378137.0, 298.257223563]], &#xd;
  PRIMEM[&quot;Greenwich&quot;, 0.0], &#xd;
  UNIT[&quot;degree&quot;, 0.017453292519943295], &#xd;
  AXIS[&quot;Geodetic longitude&quot;, EAST], &#xd;
  AXIS[&quot;Geodetic latitude&quot;, NORTH]]</crs>
  </latLonBoundingBox>
  <projectionPolicy>FORCE_DECLARED</projectionPolicy>
  <enabled>true</enabled>
  <metadata>
    <entry key="cachingEnabled">false</entry>
  </metadata>
  <store class="dataStore">
    <id>DataStoreInfoImpl--3a33e7d0:1400d3d823c:-7fe3</id>
  </store>
  <maxFeatures>0</maxFeatures>
  <numDecimals>0</numDecimals>
  <overridingServiceSRS>false</overridingServiceSRS>
  <skipNumberMatched>false</skipNumberMatched>
  <circularArcPresent>false</circularArcPresent>
</featureType>