<dataStore>
  <id>DataStoreInfoImpl--3a33e7d0:1400d3d823c:-7fe3</id>
  <name>cntry_shp</name>
  <type>Directory of spatial files (shapefiles)</type>
  <enabled>true</enabled>
  <workspace>
    <id>WorkspaceInfoImpl--3a33e7d0:1400d3d823c:-7fe6</id>
  </workspace>
  <connectionParameters>
    <entry key="memory mapped buffer">false</entry>
    <entry key="timezone">America/Vancouver</entry>
    <entry key="fstype">shape-ng</entry>
    <entry key="create spatial index">true</entry>
    <entry key="charset">ISO-8859-1</entry>
    <entry key="filetype">shapefile</entry>
    <entry key="enable spatial index">true</entry>
    <entry key="cache and reuse memory maps">true</entry>
    <entry key="url">file:workspaces/opengeo/data</entry>
    <entry key="namespace">http://opengeo.org</entry>
  </connectionParameters>
  <__default>false</__default>
</dataStore>