<!-- Example of a getFeature with a math filter.  In this case  -->
<!-- we want the states that have over 50% of population as female -->
<!-- given by the expression DP0010039 / DP0010001 -->

<wfs:GetFeature service="WFS" version="1.0.0"
  outputFormat="GML2"
  xmlns:usa="http://census.gov"
  xmlns:wfs="http://www.opengis.net/wfs"
  xmlns:ogc="http://www.opengis.net/ogc"
  xmlns:xsi="http://www.w3.org/2001/XMLSchema-instance"
  xsi:schemaLocation="http://www.opengis.net/wfs
                      http://schemas.opengis.net/wfs/1.0.0/WFS-basic.xsd">
  <wfs:Query typeName="usa:states">
    <ogc:Filter>
      <ogc:PropertyIsGreaterThan>
        <ogc:Div>
            <ogc:PropertyName>DP0010039</ogc:PropertyName>
            <ogc:PropertyName>DP0010001</ogc:PropertyName>
        </ogc:Div>
         <ogc:Literal>0.5</ogc:Literal>
    </ogc:PropertyIsGreaterThan>
    </ogc:Filter>
    </wfs:Query>
</wfs:GetFeature>
 
