 <!--       
    This request updates the geometry of a record in the usa:states dataset.
    
    WARNING: THIS QUERY MODIFIES DATA
    It has been disabled to prevent accidental data loss.
    To enable it, delete 'REMOVE_' from the layer name.
    
   -->
<wfs:Transaction service="WFS" version="1.0.0"
  xmlns:usa="http://census.gov"
  xmlns:ogc="http://www.opengis.net/ogc"
  xmlns:wfs="http://www.opengis.net/wfs"
  xmlns:gml="http://www.opengis.net/gml"
  xmlns:xsi="http://www.w3.org/2001/XMLSchema-instance"
  xsi:schemaLocation="http://www.opengis.net/wfs http://schemas.opengis.net/wfs/1.0.0/WFS-transaction.xsd">
  <wfs:Update typeName="usa:REMOVE_states">
    <wfs:Property>
      <wfs:Name>the_geom</wfs:Name>
      <wfs:Value>
<gml:Polygon srsName="http://www.opengis.net/gml/srs/epsg.xml#4326">
  <gml:outerBoundaryIs>
    <gml:LinearRing>
      <gml:coordinates>-119.0,52.0 -119.0,51.0 -120.0,51.0 -120.0,52.0 -119.0,52.0</gml:coordinates>
    </gml:LinearRing>
  </gml:outerBoundaryIs>
</gml:Polygon>
      </wfs:Value>
    </wfs:Property>
    <ogc:Filter>
      <ogc:PropertyIsEqualTo>
        <ogc:PropertyName>STUSPS10</ogc:PropertyName>
        <ogc:Literal>WY</ogc:Literal>
      </ogc:PropertyIsEqualTo>
    </ogc:Filter>
  </wfs:Update>
</wfs:Transaction>

