 <!--       
    This request deletes a record from the usa:states dataset.
    
    WARNING: THIS QUERY MODIFIES DATA
    It has been disabled to prevent accidental data loss.
    To enable it, delete 'REMOVE_' from the layer name.
    
   -->
<wfs:Transaction service="WFS" version="1.0.0"
  xmlns:cdf="http://www.opengis.net/cite/data"
  xmlns:ogc="http://www.opengis.net/ogc"
  xmlns:wfs="http://www.opengis.net/wfs"
  xmlns:usa="http://census.gov">
  <wfs:Delete typeName="usa:REMOVE_states">
    <ogc:Filter>
      <ogc:PropertyIsEqualTo>
        <ogc:PropertyName>STUSPS10</ogc:PropertyName>
        <ogc:Literal>ID</ogc:Literal>
      </ogc:PropertyIsEqualTo>
    </ogc:Filter>
  </wfs:Delete>
</wfs:Transaction>
 
