<featureType>
  <id>FeatureTypeInfoImpl--70b8c82e:12647524774:-7ffd</id>
  <name>states</name>
  <nativeName>states</nativeName>
  <namespace>
    <id>NamespaceInfoImpl--70b8c82e:12647524774:-7fff</id>
  </namespace>
  <title>States of the USA</title>
  <abstract>States of the United Stats of America, including the District of Columbia and Puerto Rico. Data taken from the 2010 Census.</abstract>
  <keywords>
    <string>states</string>
    <string>census</string>
  </keywords>
  <nativeCRS>GEOGCS[&quot;GCS_WGS_1984&quot;, 
  DATUM[&quot;WGS_1984&quot;, 
    SPHEROID[&quot;WGS_1984&quot;, 6378137.0, 298.257223563]], 
  PRIMEM[&quot;Greenwich&quot;, 0.0], 
  UNIT[&quot;degree&quot;, 0.017453292519943295], 
  AXIS[&quot;Longitude&quot;, EAST], 
  AXIS[&quot;Geodetic latitude&quot;, NORTH]]</nativeCRS>
  <srs>EPSG:4326</srs>
  <nativeBoundingBox>
    <minx>-179.23023299999997</minx>
    <maxx>-65.16882499999997</maxx>
    <miny>17.831509000000036</miny>
    <maxy>71.437769</maxy>
    <crs>GEOGCS[&quot;GCS_WGS_1984&quot;, 
  DATUM[&quot;D_WGS_1984&quot;, 
    SPHEROID[&quot;WGS_1984&quot;, 6378137.0, 298.257223563]], 
  PRIMEM[&quot;Greenwich&quot;, 0.0], 
  UNIT[&quot;degree&quot;, 0.017453292519943295], 
  AXIS[&quot;Longitude&quot;, EAST], 
  AXIS[&quot;Latitude&quot;, NORTH]]</crs>
  </nativeBoundingBox>
  <latLonBoundingBox>
    <minx>-179.23023299999997</minx>
    <maxx>-65.16882499999997</maxx>
    <miny>17.831509000000036</miny>
    <maxy>71.437769</maxy>
    <crs>GEOGCS[&quot;WGS84(DD)&quot;, 
  DATUM[&quot;WGS84&quot;, 
    SPHEROID[&quot;WGS84&quot;, 6378137.0, 298.257223563]], 
  PRIMEM[&quot;Greenwich&quot;, 0.0], 
  UNIT[&quot;degree&quot;, 0.017453292519943295], 
  AXIS[&quot;Geodetic longitude&quot;, EAST], 
  AXIS[&quot;Geodetic latitude&quot;, NORTH]]</crs>
  </latLonBoundingBox>
  <projectionPolicy>FORCE_DECLARED</projectionPolicy>
  <enabled>true</enabled>
  <metadata>
    <entry key="cachingEnabled">false</entry>
  </metadata>
  <store class="dataStore">
    <id>DataStoreInfoImpl--70b8c82e:12647524774:-7ffe</id>
  </store>
  <maxFeatures>0</maxFeatures>
  <numDecimals>0</numDecimals>
</featureType>
