<GeoServerTileLayer>
  <id>LayerInfoImpl--3a33e7d0:1400d3d823c:-7fdf</id>
  <enabled>true</enabled>
  <inMemoryCached>true</inMemoryCached>
  <name>opengeo:countries</name>
  <mimeFormats>
    <string>image/png</string>
    <string>image/jpeg</string>
    <string>image/gif</string>
    <string>image/png8</string>
  </mimeFormats>
  <gridSubsets>
    <gridSubset>
      <gridSetName>EPSG:4326</gridSetName>
      <extent>
        <coords>
          <double>-180.0</double>
          <double>-89.99892578124998</double>
          <double>180.0</double>
          <double>83.59960937500006</double>
        </coords>
      </extent>
    </gridSubset>
    <gridSubset>
      <gridSetName>EPSG:900913</gridSetName>
      <extent>
        <coords>
          <double>-2.003750834E7</double>
          <double>-2.003750834E7</double>
          <double>2.003750834E7</double>
          <double>1.8394384316255733E7</double>
        </coords>
      </extent>
    </gridSubset>
  </gridSubsets>
  <metaWidthHeight>
    <int>4</int>
    <int>4</int>
  </metaWidthHeight>
  <expireCache>0</expireCache>
  <expireClients>0</expireClients>
  <parameterFilters>
    <styleParameterFilter>
      <key>STYLES</key>
      <defaultValue></defaultValue>
      <availableStyles class="sorted-set"/>
      <defaultStyle>countries</defaultStyle>
    </styleParameterFilter>
  </parameterFilters>
  <gutter>0</gutter>
</GeoServerTileLayer>