<global>
  <contact>
    <addressCity>New York</addressCity>
    <addressCountry>USA</addressCountry>
    <addressType>Work</addressType>
    <contactEmail>contact@boundlessgeo.com</contactEmail>
    <contactOrganization>Boundless</contactOrganization>
    <contactPerson>Boundless</contactPerson>
    <contactPosition>Customer Support</contactPosition>
    <onlineResource>http://boundlessgeo.com/about/contact-us/customer-support/</onlineResource>
  </contact>
  <jai>
    <allowInterpolation>false</allowInterpolation>
    <recycling>false</recycling>
    <tilePriority>5</tilePriority>
    <tileThreads>7</tileThreads>
    <memoryCapacity>0.5</memoryCapacity>
    <memoryThreshold>0.75</memoryThreshold>
    <imageIOCache>false</imageIOCache>
    <pngAcceleration>true</pngAcceleration>
    <jpegAcceleration>true</jpegAcceleration>
    <allowNativeMosaic>false</allowNativeMosaic>
  </jai>
  <charset>UTF-8</charset>
  <numDecimals>8</numDecimals>
  <onlineResource>http://boundlessgeo.com/solutions/solutions-software/geoserver/</onlineResource>
  <verbose>false</verbose>
  <verboseExceptions>false</verboseExceptions>
  <updateSequence>57</updateSequence>
</global>
