<wfs>
  <id>wfs</id>
  <enabled>true</enabled>
  <name>WFS</name>
  <title>GeoServer Web Feature Service</title>
  <maintainer>http://boundlessgeo.com/about/contact-us/customer-support/</maintainer>
  <abstrct>Web Feature Service implementation for vector data supporting WFS 1.0.0, WFS 1.1.0 and WFS 2.0.0. All layers published by this service are available via WMS.</abstrct>
  <accessConstraints>NONE</accessConstraints>
  <fees>NONE</fees>
  <versions>
    <org.geotools.util.Version>
      <version>1.0.0</version>
    </org.geotools.util.Version>
    <org.geotools.util.Version>
      <version>1.1.0</version>
    </org.geotools.util.Version>
  </versions>
  <keywords>
    <string>WFS</string>
    <string>WMS</string>
    <string>GEOSERVER</string>
  </keywords>
  <metadataLink/>
  <citeCompliant>false</citeCompliant>
  <onlineResource>http://boundlessgeo.com/solutions/solutions-software/geoserver/</onlineResource>
  <schemaBaseURL>http://schemas.opengis.net</schemaBaseURL>
  <verbose>false</verbose>
  <gml>
    <entry>
      <org.geoserver.wfs.WFSInfo_-Version>V_10</org.geoserver.wfs.WFSInfo_-Version>
      <org.geoserver.wfs.GMLInfoImpl>
        <srsNameStyle>XML</srsNameStyle>
        <overrideGMLAttributes>true</overrideGMLAttributes>
      </org.geoserver.wfs.GMLInfoImpl>
    </entry>
    <entry>
      <org.geoserver.wfs.WFSInfo_-Version>V_11</org.geoserver.wfs.WFSInfo_-Version>
      <org.geoserver.wfs.GMLInfoImpl>
        <srsNameStyle>URN</srsNameStyle>
        <overrideGMLAttributes>false</overrideGMLAttributes>
      </org.geoserver.wfs.GMLInfoImpl>
    </entry>
  </gml>
  <serviceLevel>BASIC</serviceLevel>
  <maxFeatures>1000000</maxFeatures>
  <featureBounding>false</featureBounding>
  <canonicalSchemaLocation>false</canonicalSchemaLocation>
  <encodeFeatureMember>false</encodeFeatureMember>
</wfs>
