<wcs>
  <id>wcs</id>
  <enabled>true</enabled>
  <name>WCS</name>
  <title>Web Coverage Service</title>
  <maintainer>http://boundlessgeo.com/about/contact-us/customer-support/</maintainer>
  <abstrct>Web Coverage Service for raster data implementing WCS 1.0.0, WCS 1.1.0, WCS 1.1.1, WCS 2.0. All layers published by this service are available via WMS.
     </abstrct>
  <accessConstraints>NONE</accessConstraints>
  <fees>NONE</fees>
  <versions>
    <org.geotools.util.Version>
      <version>1.0.0</version>
    </org.geotools.util.Version>
    <org.geotools.util.Version>
      <version>1.1.1</version>
    </org.geotools.util.Version>
    <org.geotools.util.Version>
      <version>2.0.1</version>
    </org.geotools.util.Version>
  </versions>
  <keywords>
    <string>WCS</string>
    <string>WMS</string>
    <string>GEOSERVER</string>
  </keywords>
  <metadataLink>
    <type>undef</type>
    <about>http://geoserver.sourceforge.net/html/index.php</about>
    <metadataType>other</metadataType>
  </metadataLink>
  <citeCompliant>false</citeCompliant>
  <onlineResource>http://boundlessgeo.com/solutions/solutions-software/geoserver/</onlineResource>
  <schemaBaseURL>http://schemas.opengis.net</schemaBaseURL>
  <verbose>false</verbose>
  <gmlPrefixing>false</gmlPrefixing>
  <latLon>false</latLon>
  <maxInputMemory>0</maxInputMemory>
  <maxOutputMemory>0</maxOutputMemory>
</wcs>